{
    "(cid:122)": {
        "pageid": 20,
        "block_bbox": [
            223.9077,
            81.85659999999996,
            391.06517999999994,
            110.92900000000003
        ],
        "char_bbox": [
            223.9077,
            81.85659999999996,
            230.1825,
            90.25659999999999
        ],
        "char": "\u00b7"
    },
    "(cid:88)": {
        "pageid": 20,
        "block_bbox": [
            312.3477,
            155.85199999999998,
            327.3435,
            177.33499999999998
        ],
        "char_bbox": [
            316.0677,
            156.15619999999996,
            323.02938,
            164.07619999999997
        ],
        "char": "\u2192"
    },
    "(cid:168)": {
        "pageid": 20,
        "block_bbox": [
            232.4277,
            311.945,
            369.2217,
            323.945
        ],
        "char_bbox": [
            232.4277,
            314.4362,
            241.68964499999998,
            322.3562
        ],
        "char": "\u2192"
    },
    "(cid:120)": {
        "pageid": 18,
        "block_bbox": [
            275.2677,
            79.35892000000001,
            385.073748,
            98.31939999999997
        ],
        "char_bbox": [
            275.2677,
            89.98755999999997,
            278.91089999999997,
            97.90755999999999
        ],
        "char": "\u00b7"
    },
    "(cid:163)": {
        "pageid": 31,
        "block_bbox": [
            126.4677,
            25.296640000000025,
            135.2841,
            36.45663999999999
        ],
        "char_bbox": [
            126.4677,
            25.296640000000025,
            135.2841,
            36.45663999999999
        ],
        "char": ""
    },
    "(cid:127)": {
        "pageid": 47,
        "block_bbox": [
            351.7077,
            359.50748,
            359.6277,
            367.42747999999995
        ],
        "char_bbox": [
            351.7077,
            359.50748,
            359.6277,
            367.42747999999995
        ],
        "char": "-"
    },
    "(cid:2)": {
        "pageid": 89,
        "block_bbox": [
            261.3447,
            338.15299999999996,
            277.8471,
            348.332
        ],
        "char_bbox": [
            273.3471,
            338.15299999999996,
            277.8471,
            347.15299999999996
        ],
        "char": "\u2192"
    },
    "(cid:111)": {
        "pageid": 136,
        "block_bbox": [
            126.94800000000001,
            201.692,
            140.86470000000003,
            210.692
        ],
        "char_bbox": [
            129.9477,
            202.06748,
            137.76474,
            209.98748
        ],
        "char": ""
    },
    "(cid:74)": {
        "pageid": 178,
        "block_bbox": [
            51.4677,
            444.03932,
            95.6277,
            475.11931999999996
        ],
        "char_bbox": [
            59.6277,
            449.33299999999997,
            65.6277,
            461.33299999999997
        ],
        "char": ""
    },
    "(cid:35)": {
        "pageid": 178,
        "block_bbox": [
            51.4677,
            444.03932,
            95.6277,
            475.11931999999996
        ],
        "char_bbox": [
            71.6277,
            449.33299999999997,
            77.6277,
            461.33299999999997
        ],
        "char": ""
    },
    "(cid:70)": {
        "pageid": 178,
        "block_bbox": [
            51.4677,
            444.03932,
            95.6277,
            475.11931999999996
        ],
        "char_bbox": [
            83.6277,
            449.33299999999997,
            89.6277,
            461.33299999999997
        ],
        "char": ""
    },
    "(cid:75)": {
        "pageid": 178,
        "block_bbox": [
            51.4677,
            444.03932,
            95.6277,
            475.11931999999996
        ],
        "char_bbox": [
            89.6277,
            449.33299999999997,
            95.6277,
            461.33299999999997
        ],
        "char": ""
    },
    "(cid:1593)": {
        "pageid": 193,
        "block_bbox": [
            34.5477,
            411.71299999999997,
            43.5477,
            420.71299999999997
        ],
        "char_bbox": [
            34.5477,
            411.71299999999997,
            43.5477,
            420.71299999999997
        ],
        "char": ""
    },
    "(cid:165)": {
        "pageid": 203,
        "block_bbox": [
            31.3077,
            59.983600000000024,
            197.07319999999999,
            104.72859999999997
        ],
        "char_bbox": [
            85.7877,
            59.983600000000024,
            92.8617,
            68.98360000000002
        ],
        "char": ""
    },
    "(cid:3)": {
        "pageid": 268,
        "block_bbox": [
            226.7877,
            171.42067999999995,
            387.1856999999999,
            214.61576000000002
        ],
        "char_bbox": [
            241.18769999999998,
            171.42067999999995,
            243.55769999999998,
            180.90067999999997
        ],
        "char": ""
    },
    "(cid:16)": {
        "pageid": 268,
        "block_bbox": [
            46.5468855,
            239.61199999999997,
            214.25181499999997,
            336.57199999999995
        ],
        "char_bbox": [
            56.9877,
            305.11699999999996,
            59.9847,
            314.11699999999996
        ],
        "char": ""
    },
    "(cid:11563)": {
        "pageid": 418,
        "block_bbox": [
            231.4677,
            246.80179999999996,
            247.427292,
            254.72179999999992
        ],
        "char_bbox": [
            231.4677,
            246.80179999999996,
            239.3877,
            254.72179999999992
        ],
        "char": ""
    },
    "(cid:9244)": {
        "pageid": 418,
        "block_bbox": [
            231.4677,
            246.80179999999996,
            247.427292,
            254.72179999999992
        ],
        "char_bbox": [
            239.507292,
            246.80179999999996,
            247.427292,
            254.72179999999992
        ],
        "char": ""
    },
    "(cid:7287)": {
        "pageid": 418,
        "block_bbox": [
            231.4677,
            274.16179999999997,
            247.427292,
            282.08179999999993
        ],
        "char_bbox": [
            231.4677,
            274.16179999999997,
            239.3877,
            282.08179999999993
        ],
        "char": ""
    },
    "(cid:12930)": {
        "pageid": 418,
        "block_bbox": [
            231.4677,
            274.16179999999997,
            247.427292,
            282.08179999999993
        ],
        "char_bbox": [
            239.507292,
            274.16179999999997,
            247.427292,
            282.08179999999993
        ],
        "char": ""
    },
    "(cid:8053)": {
        "pageid": 418,
        "block_bbox": [
            266.6277,
            274.16179999999997,
            274.5477,
            282.08179999999993
        ],
        "char_bbox": [
            266.6277,
            274.16179999999997,
            274.5477,
            282.08179999999993
        ],
        "char": ""
    },
    "(cid:4811)": {
        "pageid": 418,
        "block_bbox": [
            294.3477,
            274.16179999999997,
            302.2677,
            282.08179999999993
        ],
        "char_bbox": [
            294.3477,
            274.16179999999997,
            302.2677,
            282.08179999999993
        ],
        "char": "\u5c11"
    },
    "(cid:4377)": {
        "pageid": 418,
        "block_bbox": [
            368.1477,
            274.16179999999997,
            376.0677,
            282.08179999999993
        ],